name,dd,dp,dh
clavulanate ,17,9,10
dextroamphetamine ,17.5,7.5,7.5
fluorescein ophthalmic,17.8,8,8.5
linagliptin,18.3,7.5,8.5
lisinopril,19.4,8.8,10.2
moexipril ,19,8,9.8
neomycin / polymyxin b ophthalmic,17.5,8,9
petrolatum ,17.8,5,6.2
pioglitazone,18.3,7.8,8.6
quinapril,19.1,8.1,9.9
relebactam,17,9.5,11.5
saxagliptin ,18.2,7.8,8.6
sodium benzoate ,16.5,9,11
topiramate ,19.2,5.8,6.5
vaborbactam,17,9.5,11.5
verapamil ,18.8,6.2,7.8
omeprazole,18.5,6.5,7
pilocarpine,16.5,9,11
vonoprazan,17.5,8,9
5-hydroxytryptophan ,16.5,9.5,11.5
abacavir,17,8.5,9
abacavir / dolutegravir / lamivudine,17,10,12
abametapir topical,18,6,6.5
abemaciclib,18.5,7.5,8
abiraterone,19.2,5.2,6
abiraterone ,18.2,5.5,6.8
abrocitinib ,18,7,7.5
acalabrutinib,18.5,6.5,7
acamprosate,16,10,12
acarbose,17,12.5,20
acebutolol,17,8,8.5
acebutolol ,18.8,7.6,8.8
aceclidine ophthalmic,18,6,6.5
acetaminophen,18,8,10
acetaminophen,18.3,6.5,7.5
acetaminophen / codeine,18,6.5,8
acetaminophen / hydrocodone ,18.2,6.5,8.5
acetaminophen / tramadol,18.1,6.5,8
acetazolamide,16,10.5,12.5
acetic acid / hydrocortisone otic,17,8,9
acetohydroxamic acid ,16.5,9,10
acetylcholine ophthalmic,16.5,9,10
acetylcysteine ,16.5,10,12
acetylcysteine ,18.4,8.8,11.2
acoramidis ,18.2,8,9
acyclovir topical,19,10,13
acyclovir ,16.5,9,10
adapalene / benzoyl peroxide ,19,4.5,5.5
adefovir,17,9,9.5
adenosine,16,11,13
adenosine ,19.2,9.5,12
albendazole,19,7.2,8
albuterol,17.6,6.2,11.2
albuterol ,19.1,8.5,10.5
alcaftadine ophthalmic ,18,6.5,7.5
alendronate / cholecalciferol ,20,2,3
alendronate ,12,11,14
alfuzosin,19.6,6.2,7.8
aliskiren ,18.5,7.5,8.5
allopurinol ,18.8,8.8,9.6
almotriptan,18.8,7.6,8.6
aloe vera topical ,17.5,12,18
alogliptin ,17,8.5,9.5
alosetron ,17.5,7,7.5
alpelisib ,18.5,6.5,7
alpha-lipoic acid,17.5,7,8
alprazolam,18,5,6
alprazolam,18,5,6
alprostadil,17.5,7.5,9
alvimopan ,17.5,7.5,8.5
amantadine,17.8,2.5,5.5
amantadine ,15.5,8.5,9.5
ambrisentan,19.4,6.2,6.8
amifampridine ,17,8.5,9.5
amifostine,18,9,10.2
amikacin,16.5,13.8,21.5
amiloride,16.5,9,11
amiloride / hydrochlorothiazide,17,8.5,9
aminocaproic acid,16.5,9,10.5
aminolevulinic acid,16,9.5,11
aminosalicylic acid ,18,9.8,15.2
amiodarone,18.4,6.5,7.8
amiodarone,20.5,4.5,5
amisulpride,18,7.5,8
amisulpride,18.4,7.2,8.4
amitriptyline / chlordiazepoxide ,18.5,6.5,7
amitriptyline ,18,6.5,7
amlodipine,19,6.5,8.2
ammonium chloride,15.5,9,11
ammonium  lactate ,18,11,14.5
amobarbital ,18.5,5.5,8.5
amoxapine ,18,7.5,8
amoxicillin / clarithromycin / lansoprazole,17,9.5,12
amoxicillin ,18,12,14.5
amphetamine,17.5,7.5,7.5
ampicillin,18.2,11.8,13.8
ampicillin / sulbactam,17,9,10
amyl nitrite ,17.8,5.6,6
anagrelide ,18.5,6,6.5
anastrozole,18.5,5,4
anidulafungin ,18,8.4,10
anthralin ,17,6.5,9
antihemophilic factor/von willebrand factor,18.5,6,6.5
apalutamide,18.5,6.5,8
apixaban,18,7.5,8
apixaban,18.8,6.7,8.2
apomorphine,17,8.5,9.5
apomorphine,18.5,7.6,8.8
apraclonidine ophthalmic,18,7,8
apremilast ,18.4,7.8,8.6
aprepitant ,18.5,6,6.5
arformoterol ,19.2,6.8,9
argatroban,18.7,7.8,8.4
argatroban ,17.5,8.5,9
arginine ,16,10.5,13
arimoclomol ,18,7.5,8
aripiprazole,19,6.2,7.8
armodafinil,18.5,7,7.5
artesunate ,18.5,6,6.5
articaine / epinephrine ,18.5,6.5,7
asciminib ,18.5,7.5,8
asenapine,18.7,6.7,8.1
aspirin,18.5,5.5,6
aspirin,18.5,5.5,6
aspirin / butalbital / caffeine / codeine ,18.5,6.5,7.5
aspirin / caffeine / dihydrocodeine,18.4,6,7
aspirin / caffeine / orphenadrine,18.5,6,7
aspirin / carisoprodol / codeine ,18.5,6.5,7
aspirin / dipyridamole,18.5,6,6.5
aspirin / omeprazole ,18.5,6,6.5
aspirin / oxycodone ,18.5,6,7
aspirin ,18.5,5.5,6
aspirin/citric acid/sodium bicarbonate,18.5,5.5,6
atazanavir ,19,6,7
atenolol,16.5,9,11
atogepant ,18.5,8,8
atomoxetine ,18.6,4.6,6.2
atorvastatin ,19,5,6
atovaquone ,20,3,4
atrasentan ,19.5,5.5,6
atropine,18.5,6.7,7.5
atropine ,18.6,6.3,7.3
atropine / diphenoxylate,18.6,6.2,7.2
atropine / pralidoxime  ,18.5,7.5,8.3
atropine ophthalmic ,18,6,6.5
auranofin ,18.4,6.8,7.6
avanafil,18.5,6,6.5
avatrombopag ,18,7,7.5
avibactam / aztreonam ,17.5,9,10
avutometinib ,19,7.4,8.4
axitinib ,19,6,6.5
azacitidine ,17,8.5,
azathioprine,18.2,7,7.8
azathioprine ,18,7.5,8
azelaic acid,18,7,9
azelaic acid topical ,17.5,6.5,12
azelastine ,18.5,6.5,7
azelastine / fluticasone nasal ,18.6,6,7
azilsartan medoxomil,18.8,8.2,9.4
azithromycin,19,5.5,6.5
azithromycin ophthalmic ,17.5,7,8
aztreonam,17,9,10
bacitracin / hydrocortisone / neomycin / polymyxin b ophthalmic ,17.5,8,9
bacitracin / neomycin / polymyxin b ,17.5,9,14.5
bacitracin / polymyxin b ophthalmic ,17.5,7.5,8.5
bacitracin ophthalmic ,17,7.5,8.5
baclofen ,17.5,7,8
baloxavir marboxil ,20,4,4
baricitinib,18.6,7,8.2
baricitinib ,18,7.5,8
beclomethasone,19,5,5.5
beclomethasone nasal,18,6,7
bedaquiline ,20,5,5.5
belinostat,18,7,7.5
belumosudil ,18.5,6.5,7
bempedoic acid ,18.5,6,7
bempedoic acid/ezetimibe ,18.9,6.8,8
bempedoic acid,18.8,6.8,7.8
benazepril,19,7,9
benazepril ,19.2,7.8,9.5
bendamustine,19.2,8,7.8
bendroflumethiazide ,17,9,11
benzgalantamine ,17.5,8,10.5
benznidazole ,18,6,7
benzocaine ,18.5,3.5,4
benzonatate ,18.6,6.2,7.4
benzphetamine,18,6.5,6.5
benzphetamine,19.2,5,6
benztropine ,18.8,5.8,6.4
benzyl alcohol ,18.5,4,4.5
benzyl benzoate ,18.5,9.5,4
bepotastine ophthalmic,17.5,7,8
berotralstat ,18,7.5,8
besifloxacin ophthalmic,18,7,8
betaine,15.5,8.5,9.5
betamethasone,18,6,6.5
betaxolol,17.5,7.5,8
betaxolol ophthalmic ,18,8,8
bethanechol ,16.5,9,11
bexagliflozin,18,7,8
bexagliflozin ,18,7,8
bicalutamide ,18.6,6.8,8.2
bicalutamide ,19,5.5,6
bictegravir / emtricitabine / tenofovir alafenamide,18,8,9
bimatoprost ophthalmic,18,6,6.5
bisacodyl,19.5,3.5,4.5
bismuth subgallate ,17.6,8.8,9
bismuth subsalicylate,17.8,9.2,9.6
bisoprolol,17.5,8,9
boric acid ,15.5,10,12
bortezomib,18.5,7,7.5
bosentan ,19.6,7.2,8
bosutinib ,19,7,7
brensocatib ,18,7,7.5
brexpiprazole,18.8,6.6,8
brimonidine ophthalmic ,18,7,8
brimonidine ,19,10,8
brinzolamide ophthalmic,18,8,8
brivaracetam ,17.5,7.5,8
bromfenac,18.5,6,6.5
bromocriptine,19.5,4.5,55
bromocriptine ,19,6.8,8
brompheniramine,18.7,6.6,7.3
brompheniramine / dextromethorphan / pseudoephedrine ,18,6.5,7
budesonide nasal,18,6,7
budesonide ,18.5,6,6.5
budesonide ,19,5.5,6
bumetanide,17,9.5,11
bupivacaine ,19,5.5,6
buprenorphine / naloxone ,18.5,6.5,7
buprenorphine ,18.5,6,7
bupropion,18.5,6.5,7
Bupropion,19,6.7,7.8
bupropion / dextromethorphan ,18.5,6.5,7
busulfan,17.2,8.4,7.5
butenafine ,17.6,4.8,6.5
butoconazole ,18,6.8,7.5
butorphanol ,18,6,7.5
cabazitaxel,20,5,6
cabergoline ,19.5,4.5,5
cabotegravir ,18,7.5,8
cabozantinib ,19,6.5,7
caffeine,16.5,9,11
caffeine,19.5,7.6,10
calcipotriene ,18.2,8,8
calcitriol ,17.8,7,9
camphor/phenol topical,19,3.5,4
canagliflozin,18.5,7,8.5
candesartan ,18.9,8.4,9.6
cannabidiol ,19,4,5
capecitabine ,18.8,8.2,9.6
capsaicin / diclofenac topical,17.8,5,7.5
captopril,18.6,8,10
captopril,19.3,8.2,10.1
carbachol ophthalmic,17,9,10
carbamazepine,19.5,5,5.5
carbamide peroxide topical,16.5,9,10
carbidopa,16,10,13
carbidopa ,18.6,8.8,10
carbinoxamine ,18.5,6.8,7.6
carboplatin,17,9.2,10.5
carboprost ,18,5,6
carfilzomib ,18.5,7,7.5
cariprazine,18.9,6.5,7.8
carisoprodol ,18,6,6.5
carmustine,18.2,7.6,8.8
carteolol ophthalmic,18,8,8
carvedilol ,18,7,7.5
carvedilol ,19,6,7
caspofungin,18,8.5,10.4
castor oil,18.5,2.5,3.5
cedazuridine,18.4,8.8,10
cefaclor ,17.5,8.5,9.5
cefadroxil ,16.5,9.5,11.5
cefazolin,16.5,9,11
cefdinir ,17.5,8.5,9.5
cefepime ,17,9,11
cefiderocol systemic,17,9.5,11
cefixime ,17.5,8.5,9.5
cefotaxime ,17.5,8.5,9.5
cefotetan ,17.5,8.5,9.5
cefoxitin ,17.5,8.5,9.5
cefpodoxime ,17.5,8.5,9.5
cefprozil ,17.5,8.5,9.5
ceftaroline ,18,8.5,9.5
ceftazidime ,17.5,8.5,9.5
ceftobiprole medocaril ,18,8.5,10
ceftriaxone ,17.5,8.5,9.5
cefuroxime ,17.5,8.5,9.5
celecoxib,19.5,4.5,5.5
cephalexin,16.5,9.5,11.5
cetirizine ophthalmic,18,7,8
cetirizine ,18.4,8.4,9.6
cevimeline ,17,8.5,10
chenodiol,20,3.5,5
chlophedianol ,18.8,6.3,7.5
chlorambucil,18.6,6.8,8
chloramphenicol ,18,6,8
chlordiazepoxide ,18.5,5.5,6
chlordiazepoxide /clidinium,18.8,6,7.2
chlorhexidine ,18,8,9
chloroprocaine,18.5,5.5,6
chloroprocaine ophthalmic,18,6,7
chloroquine,19.2,6.8,8.5
chlorothiazide,16.5,9.5,11.5
chlorothiazide ,17,8.5,9.5
chlorpheniramine / hydrocodone ,18,6.5,7.5
chlorpheniramine ,18.7,6.6,7.2
chlorpromazine ,18.3,6.8,7.6
chlorpromazine ,18.5,6,6.5
chlorthalidone ,17,9,11
chlorthalidone ,17.5,8,9
chlorzoxazone ,17.5,6,6.5
cholecalciferol ,19.5,3.5,4.5
cholic acid ,20,3.5,5
ciclesonide nasal,18,5.5,6.5
ciclesonide ,19,5,5
ciclopirox ,18,8.2,9.8
cidofovir ,16,10,12
cilastatin / imipenem,17,9.5,11.5
cilostazol ,19,5.5,6
cimetidine ,17,8,9
cinacalcet ,18.5,6.5,7.5
ciprofloxacin / dexamethasone otic ,18,6.5,7.5
ciprofloxacin ophthalmic ,18,7,8
cisatracurium ,17.5,8.5,9
cisplatin,17,11.5,10
citalopram,18.8,6.3,7.2
citalopram ,18.5,6.5,7
citicoline ,16.5,9.5,11
citric acid/sodium bicarbonate,17.5,9,12.5
cladribine ,18.2,8.8,10
clarithromycin,19,6,7
clemastine ,18.6,6.9,7.8
clevidipine ,20,3.5,4
clindamycin ,17.5,8,9
clobazam,18.5,4.5,5
clobazam ,18.5,4.5,5
clofarabine,18.2,9.2,10.6
clomiphene,19,5,5.5
clomipramine ,18.2,7.2,8.2
clonazepam,18,6,6
clonidine,19,6.4,8
clopidogrel ,18.5,6.5,7
clorazepate,17.5,7,9
clotrimazole,19,3.5,4
clotrimazole ,18.2,6.5,7.5
clotrimazole ,18.4,6.5,7
clozapine,18.6,6.2,7.6
cobicistat / elvitegravir / emtricitabine / tenofovir alafenamide ,19,6,6
cocaine,18.5,5.5,6
codeine / guaifenesin ,17.5,6.5,8
codeine / promethazine,18.5,5.5,6
codeine ,17.5,6.5,8
codeine ,18.7,6.6,7.6
colchicine ,18.6,7.6,8.8
conivaptan ,18,7.5,8
cortisone,17,7.5,8
creatine ,16,9,11
cromolyn,16.5,10,12
cromolyn nasal,17,9.5,10
cromolyn ophthalmic,17,9.5,10
crotamiton ,18,4.5,5
cyclobenzaprine ,18.5,6,6.5
cyclopentolate ophthalmic,18,6,6.5
cyclophosphamide ,18.4,9,10.2
cycloserine ,16.5,9,10.5
cyclosporine,20.5,4.5,5.5
cyproheptadine,18.2,6.8,7.6
cysteamine ophthalmic ,16.5,9,10.5
cytarabine,18.1,9.6,11
dabigatran,18.6,7.2,8.8
dabigatran ,17,9,10
dacarbazine,19,9.4,8
dacomitinib,19.5,6,6.5
dactinomycin,17.5,10.8,13.5
dalfampridine ,16.5,8,9
danazol ,18.2,6.3,6.5
dantrolene ,18,6.5,7
dapagliflozin,18,7.5,8.5
dapagliflozin ,18.4,7,8
dapsone,19,5.5,6
darifenacin ,18,7,8
darolutamide,18.7,6.9,8.5
darolutamide ,18.5,6.5,7
darunavir ,19,6,7
dasatinib,19,8,8
daunorubicin ,18.1,10,12.5
decitabine,18.2,9.4,10.8
deferasirox ,19,6.5,7.5
deferiprone,18.5,8.2,9
deferiprone ,16.5,8,8.5
deferoxamine,18.3,9.8,12.5
deflazacort,17.5,7,7.5
delafloxacin ,18.5,7,8
demeclocycline ,17.5,9.5,12
deoxycholic acid ,20,3.5,5
desflurane,19,2.5,3
desipramine ,18,6.5,7.5
desloratadine ,18.5,6.8,7.8
desmopressin,18.1,10.2,13
desvenlafaxine,18.5,7.2,8.8
desvenlafaxine ,18,7,7.5
deucravacitinib ,18,7.5,8
dexamethasone,18,6,6.5
dexamethasone / tobramycin ophthalmic ,18,6.5,7.5
dexbrompheniramine,18.7,6.6,7.3
dexbrompheniramine / pseudoephedrine,18,6,6.5
dexchlorpheniramine ,18.7,6.6,7.2
dexlansoprazole ,18.5,6,7
dexmethylphenidate ,18,6.5,6.5
dextroamphetamine,17.5,7.5,7.5
dextromethorphan,18.8,6.5,7.8
dextromethorphan / guaifenesin / phenylephrine systemic,17,8,9
dextromethorphan ,18,6,6.5
diatrizoate,17,8,9
diazepam,19,4,4
diazoxide,17,6.5,7
dibucaine ,19,5.5,6
dichlorphenamide ,16,10,12
diclofenac,19,5.5,6
dicloxacillin,17,9,10
dicyclomine ,18.5,6.1,7
diethylpropion,18,6.5,6.5
diethylpropion,19.6,4.8,5.5
diflunisal ,19,5.5,6
difluprednate ophthalmic ,18,6,7
digoxin ,18.8,9.2,8
dihydroergotamine,18.8,7.6,8.6
diltiazem,18.5,6,7
dimenhydrinate,18.6,6.7,7.8
dimercaprol ,18.6,7,8.5
dimethyl sulfoxide,18,16,10
dinoprostone ,17.5,5,6
diosmiplex / hydrocortisone / pramoxine topical,18.6,7.5,8.5
diphenhydramine,18.8,5.6,6.5
diphenhydramine ,18.7,6.8,7.4
diphenhydramine ,18.7,6.8,7.4
dipyridamole,19,5.5,6
diroximel fumarate ,17.5,8,8.5
disopyramide,18.5,6.5,7
disopyramide,18.8,6.4,7.8
disulfiram,20,4.5,4.5
dobutamine,17.5,8.5,9
docetaxel ,20,5,6
docosanol ,18,2.5,3
docusate,18.5,4,5
dofetilide ,19,6,6.5
dolutegravir,18,7.5,8
dolutegravir / lamivudine ,16.5,11.5,14
donepezil ,18,7.5,8.5
dopamine,16.5,9.5,11
doravirine,8.5,6,6.5
dorzolamide ophthalmic ,18,8,8
doxapram,18,7.5,7.5
doxazosin,18.8,7.3,8.8
doxazosin,19.4,6.6,8.2
doxepin topical,18,7,6.5
doxepin ,18,7,7
doxorubicin ,18.2,10.5,13
doxycycline ,17.5,9.5,12
dronabinol ,19.5,3.5,4
dronedarone ,18.2,6.3,7.6
droperidol ,19,6,6.5
drospirenone / estradiol ,19,4.5,5.5
drospirenone ,19,5,6
duloxetine ,18.5,7,7.5
durlobactam / sulbactam ,18,9,12
duvelisib ,18.5,7,7.5
dyclonine ,18.5,5.5,6
dyphylline / guaifenesin,19,8,9.5
echothiophate iodide ophthalmic,17,9,9.5
econazole ,18.1,6.8,8.2
edaravone ,17.5,7.5,8.5
edetate calcium disodium,17.9,10.2,11.2
edoxaban,18.5,6.5,7
edoxaban,18.9,6.8,8.4
efavirenz ,19,5,5
efinaconazole ,18,7.5,9
elacestrant ,19.5,5,5.5
elafibranor ,18.5,6.5,7
elagolix ,17.5,7.5,8
elbasvir / grazoprevir ,20,4,5
eletriptan,19,7,8
eliglustat ,18.5,6.5,7.5
eltrombopag ,18.5,7,7.5
eluxadoline ,18,7.5,8
empagliflozin ,18.4,7.1,8.2
empagliflozin ,18,7.5,8.5
emtricitabine / rilpivirine / tenofovir disoproxil ,19,4,4
emtricitabine ,17,8.5,9.5
enalapril,19,7.8,9.8
enalapril ,19.1,8,9.8
ensifentrine ,18.5,6.5,7
entacapone,18.7,7.4,8.6
entacapone ,17,9,11
entecavir ,17,8.5,9.5
enzalutamide ,18.4,6.6,7.8
enzalutamide ,18.5,6.5,7
ephedrine / guaifenesin,17,7.5,8
ephedrine ,17,9,11
epinastine ophthalmic,18,7,8
epinephrine,16.8,10.5,18
epinephrine topical,17,9,11
epirubicin,18.2,10.2,12.7
eplerenone,19,5,6
eplerenone ,19.2,6,7.2
epoprostenol ,17.5,8.5,15
eprosartan ,18.7,8.5,10
eravacycline ,17.5,9,11.5
ergoloid ,19,5.5,6
ergotamine,19,7.4,9
eribulin ,19.5,6,6.5
erlotinib ,19,6.5,7
ertapenem,17,9,11
ertugliflozin ,18.5,7,8
erythromycin,17.5,8.8,13.5
thromycin ophthalmic ,17.5,7,8.5
escitalopram,18.8,6.3,7.2
esketamine,18,6.5,6.5
eslicarbazepine ,18.5,6.5,7.5
esmolol,16.5,9,10
esomeprazole ,18.5,6,7
estazolam,18,5,6
estradiol / levonorgestrel,19,4.5,5
estradiol / norethindrone ,19,4.5,5
estradiol ,19,4,6
estramustine,19,5.5,6
estropipate,18.5,6,7
ethacrynic acid ,19,19,6
ethambutol ,16.5,9.5,10.5
ethanolamine oleate ,18,4,4.5
ethinyl estradiol / norethindrone,19,4.5,5
ethinyl estradiol ,19,4.5,6
ethiodized oil,17.5,3,4
ethionamide ,18,6.5,7
ethosuximide ,17.5,6,6.5
etodolac ,19,5,5.5
etomidate,18,6,6.5
etonogestrel ,19.5,4,5
etoposide ,18.5,6.5,7
etravirine ,18,6,6.5
everolimus,19,6,6.5
exemestane,20,3,3
ezetimibe ,19,6.8,8.2
ezetimibe / rosuvastatin ,19,6.6,8.4
ezetimibe / simvastatin,19.1,6.4,7.6
famciclovir ,17.5,8,9
famotidine,16.5,9,10
fat supplement,17.5,2,3
felodipine,20,3,4
fenfluramine,18.5,6.5,6.5
fenofibrate,20,3.5,4.5
fenofibric acid ,19,6.8,8.4
fenoldopam,18.4,8.6,13.5
fenoprofen ,18.5,5.5,6.5
fentanyl ,18.5,5.5,6
fesoterodine ,18,6.5,7.5
fexinidazole,19,6.5,7.5
fexofenadine / pseudoephedrine ,18,8,9
fexofenadine ,18.2,8.8,10.5
fezolinetant ,18.5,7,7.5
fidaxomicin ,19.5,7.5,9
finasteride / tadalafil,19,4.5,5
finerenone,18.6,7.6,8.2
flecainide,19,5.5,6
flibanserin ,18,7.5,8
floxuridine ,18.5,9.1,10.2
fluconazole,18.5,8.2,9
flucytosine ,16.5,9,11
fludarabine,18.2,9.4,10.6
fludrocortisone,18,6,6.5
flumazenil ,18.8,7,7.8
flunisolide nasal ,18,6,7
fluocinolone ophthalmic ,18,6,7
fluocinolone otic,18,6,6.5
fluorescein,17,8,9
fluorometholone ophthalmic,18,6,7
fluorouracil ,18.8,9.6,10.5
fluoxetine,18.9,6.5,7
fluoxetine / olanzapine ,18.5,6.5,7
fluphenazine ,18.5,6,6.5
flurazepam,19,4,5
flurbiprofen ,18.5,5,5.5
flutamide,18.8,7.1,8.3
fluticasone nasal,18,6,7
fluticasone ,19,6,5
fluvastatin ,19,5,5.5
fluvoxamine,18.6,6.9,8
fomepizole ,18.7,7.5,8
formoterol,19.2,6.8,9
fosamprenavir ,19,6,7
fosaprepitant ,18,7,8
foscarbidopa,18.4,9,10.2
foscarbidopa / foslevodopa,16.5,9.5,12.5
fosdenopterin ,17,8,8.5
fosfomycin ,16,10,12
fosinopril,19,7.9,9.6
fosphenytoin,17,8,9.5
fostamatinib ,18.5,7,7.5
fostemsavir ,18,8.5,9
frovatriptan,18.8,7,7.8
fruquintinib ,18.5,6,6.5
fulvestrant,20.5,3.5,4
furosemide,16.5,10,12
gabapentin,16.5,9.5,11.5
gabapentin enacarbil,17,8.5,10
galantamine,17,8.5,11
ganaxolone,19,5,6
ganciclovir ,16.5,9,10
gatifloxacin ophthalmic,18,7,8
gefitinib,18.5,6.5,7
gemcitabine ,18.2,9.2,11
gemfibrozil ,19,4,5
gemifloxacin ,18.5,6.5,7.5
gentamicin,16.4,13.5,21.2
gentamicin,19.2,13,16
gentamicin / prednisolone ophthalmic,18,7,8
gentamicin ophthalmic,17,8.5,9
gentian violet,18,6,6.5
gepirone,18,6.5,7
givinostat ,18.5,7,8
glasdegib ,19,5.5,6.5
glecaprevir / pibrentasvir ,19,9,9
glimepiride  ,18.7,7,8.2
glipizide ,18,6.5,7
glucosamine,16,9,11
glucose,14,11,15
glutamine,16.5,8.5,10
glutathione ,16,9.5,11
glyburide,18.7,7,8.4
glycerin / lidocaine / witch hazel topical,18.5,8,11
glycerin ,17.4,12.1,22.3
glycerin/witch hazel topical,18,10,14
glycerol phenylbutyrate,17.5,3,4
glycine topical,16,9.5,11
glycopyrrolate,18.2,6.6,7.5
glycopyrrolate / neostigmine,18.5,7.9,9
granisetron ,18.7,7.3,8.4
griseofulvin,18.3,6.5,7.2
guaifenesin,17,7,9
guaifenesin / pseudoephedrine ,17.5,8.5,10
guanabenz,19.1,6.9,8.5
guanfacine,18.8,6.8,8.2
haloperidol,18.5,6,6.5
hexaminolevulinate,16.5,9,10
homatropine ophthalmic ,18,6,6.5
hydralazine ,17.5,7,7.5
hydrochlorothiazide / spironolactone ,17.5,8,8.5
hydrochlorothiazide / triamterene ,17.5,8,9
hydrochlorothiazide ,16.5,9.5,11.5
hydrocodone,18.9,6.4,7.8
hydrocodone / ibuprofen ,19,5.5,6.5
hydrocortisone ,18.5,6.2,7.8
hydrocortisone / neomycin / polymyxin b ophthalmic,18,7,8
hydromorphone ,18,6.5,8
hydroxychloroquine,18.8,7,8.6
hydroxyprogesterone ,18.5,5.5,6.5
hydroxypropyl methylcellulose ophthalmic,17,10,12
hydroxyurea ,17.6,9.6,10.8
hydroxyzine ,18.6,7.8,9.2
hyoscyamine / phenyltoloxamine,18.6,6.1,7.3
hyoscyamine ,18.7,6.2,7.3
ibandronate,15,10.5,13.5
ibrexafungerp ,19,5.5,6.5
ibrutinib ,19,6,6
ibuprofen / pseudoephedrine,17.8,4.5,5
ibutilide ,18.5,6,6.5
icosapent ,19.5,3,3.5
idarubicin ,18.3,10.3,12.8
idelalisib ,18.5,7,7.5
ifosfamide,18,8.6,9.8
iloperidone,18.7,6.5,7.8
iloprost,17.9,7.5,12.5
imatinib ,19,7,8
imipramine ,18.1,7,7.8
imiquimod ,18.5,5.5,6
inavolisib ,18.5,7,7.5
indapamide,18,7.5,8.5
indocyanine green systemic,17.5,8,9
indomethacin ,18.5,6.5,7.5
inositol ,16.5,9,10.5
iodipamide ,17,7.5,8.5
iodixanol ,17.5,9.5,11
iohexol ,17.5,9.5,11
iomeprol ,17.5,9,10.5
iopamidol ,17.5,9,10.5
iopromide ,17.5,9,10.5
iothalamate ,17,8,9
ioversol ,17.5,9.5,11
ipecac,18.5,7.5,8.5
ipratropium,18.4,6.7,7.8
ipratropium nasal,17.5,8.5,9
irbesartan,19,7.4,8.4
irinotecan ,18.5,7,7.5
isavuconazonium ,18.6,7.2,8.4
isocarboxazid,18.4,7.2,8.4
isoflurane,19,3,3.5
isoniazid / pyrazinamide / rifampin ,18.8,7.4,8.6
isoniazid / rifampin,18.8,7.2,8.4
isoniazid ,16.5,9.5,11
isopropyl alcohol otic,16.8,2.2,2.2
isoproterenol ,16.5,1.8,16.2
isosorbide dinitrate,18.7,6.8,8.2
isosorbide mononitrate ,19,7,9.8
isosulfan blue,19,6,7
isotretinoin ,20,3.5,4
isoxsuprine ,17.5,7.5,8.5
isradipine ,19,4.5,5
istradefylline ,18,6,6.5
itraconazole,18.3,6.7,7.5
ivermectin ,19.5,3.5,4
ixabepilone ,19.5,6,6.5
ixazomib,18.5,7,7.5
ketamine,18,6,7
ketoconazole ,18,7.5,10.5
ketoprofen ,18.5,5.5,6
ketorolac / phenylephrine ophthalmic,17.8,7,7.5
ketorolac ,18,6.5,7
ketotifen ophthalmic,18,7,8
labetalol ,18,8,8.5
lacosamide,18,6.5,7.5
lactitol,16,9.5,13
lactulose ,16,10.5,13
lamivudine ,17,8.5,9
lamotrigine,18,9.5,10
landiolol,18.5,7.4,8.6
lanolin topical,17,3,8
lansoprazole ,18.5,6.5,7
lapatinib ,20,5.5,6
lasmiditan,18.6,7.2,8
latanoprost ophthalmic ,18,6,6.5
lazertinib,19,6.5,7
lecithin,17.5,2.5,4.5
ledipasvir / sofosbuvir,20,4,4
lefamulin ,19,6.5,7.5
leflunomide,18.3,7.4,8.2
lenacapavir ,19,8,8
lenalidomide,18,7.5,8.5
leniolisib ,18.5,7,7.5
lenvatinib ,19,6,6.5
letermovir ,19,5.5,6
letrozole ,18.5,5.5,4
leucovorin,18.6,8.9,11
levacetylleucine ,16.5,9,11
levalbuterol ,17.6,6.2,11.2
levamlodipine,19,5.5,6
levetiracetam ,17.5,7.5,8
levobunolol ophthalmic,18,8,8
levocarnitine ,15.5,3,4
levocetirizine ,18.4,8.6,9.8
levodopa,18.2,9.2,10.5
levofloxacin ,18,7,8
levoketoconazole,19,7.5,8.5
levoleucovorin,18.6,8.9,11
levomilnacipran,18.3,7.4,9
levonorgestrel ,19.5,4,5
levorphanol ,18,6.5,8
levothyroxine ,17,8.5,9.5
lidocaine,18,6.5,7
lidocaine ophthalmic,18,6,7
lidocaine ,18.8,6.7,8.1
lifitegrast ,18,7,8
linagliptin,18.5,7,8
lincomycin ,17,8,9
lindane ,19,10,1
linezolid,18,7.5,8.5
liothyronine ,17,8.5,9.5
lisdexamfetamine,17,8,8.5
lisinopril,18.6,9.5,11.2
lodoxamide ophthalmic,17,9.5,10
lofexidine,19.2,6.6,8
lomitapide ,19,6.4,7.6
lomustine ,18.4,7,8.4
lonafarnib ,19,6,6.5
loperamide ,18.9,6.1,6.5
lopinavir / ritonavir ,19,6,7
loratadine / pseudoephedrine,18.5,5.5,6.5
loratadine ,18.6,6.4,7.2
lorazepam,17.5,7,10
losartan,19,7.5,8.2
loteprednol ophthalmic ,18,6,7
lotilaner ophthalmic ,17.5,5,5.5
lovastatin ,19.5,4,4.5
loxapine ,18.5,6,6.5
loxapine ,18.6,6.5,7.8
luliconazole ,18,8.5,8
lumateperone ,18.8,6.6,8
lurasidone,18.6,6.8,8.4
lurbinectedin ,19.2,8.8,9.6
lusutrombopag ,18,7,7.5
lutein ,17.5,5,5.5
lysine ,15.5,9,12
macitentan,20,6.8,7.5
magnesium salicylate ,18.5,5.5,6
malathion ,18.5,3.5,4
mannitol,15.5,10,14
maribavir ,18,7.5,8
mavorixafor ,17.5,8.5,9
mebendazole,19.2,7,8.2
mebrofenin ,17.5,6,6.5
mecamylamine,19.3,5,6
mechlorethamine ,18.5,6.5,7
meclizine,18.5,6.6,7.2
meclizine,18.9,5.4,6
meclofenamate ,18.5,5.5,6
medium chain triglycerides ,17.5,1.5,2
medroxyprogesterone,18.5,5.5,6.5
mefenamic acid,19,5.5,6
mefloquine,19.2,6.2,7
megestrol,19.5,4.5,5
melatonin ,18,6,7
meloxicam ,19,7,8.2
melphalan flufenamide,19,7.8,8.2
melphalan ,18.4,7,9.6
memantine ,16.5,6.5,6.5
meperidine ,18,6,7
mepivacaine,18,6,6.5
mercaptopurine,18.4,8.6,9.6
meropenem,17,9.5,11.5
mesna,18.1,9.2,10.5
metaxalone ,18,5.5,6
metformin,18.6,6.5,7.5
methacholine ,16.5,10,12
methadone ,18.5,6,6.5
methamphetamine,17,7,7
methamphetamine ,19.8,4.2,5
methazolamide,16,10.5,12.5
methenamine ,16,9,11
methimazole ,18.4,7.4,8.2
methionine s,17,6.5,8.5
methocarbamol ,17.5,7,7.5
methohexital,18.5,5.5,6
methotrexate,17,9,11
methotrexate,18.4,9.8,11.5
methoxsalen ,18.5,5.5,6
methscopolamine,18.3,6.3,7.4
methsuximide ,17.5,6,6.5
methylcellulose,16,8,11
methyldopa,20.1,9,10.8
methylene blue,18.5,7,8
methylene blue,18.6,10,9.5
methylergonovine ,18.5,5.5,6.5
methylnaltrexone ,16.5,9,10.5
methylphenidate ,18,6.5,6.5
methylprednisolone,17.5,7,7.5
methylsulfonylmethane ,17,7,8
methyltestosterone ,19,4.8,6.5
metipranolol ophthalmic,18,8,8
metoclopramide,17.5,8.5,9
metolazone,17.5,8,9
metoprolol ,17,8,9
metronidazole,18.4,8.6,10.2
metronidazole,18.5,6.5,7.5
metronidazole ,18,10.5,11.5
metyrapone,18,6,6.5
metyrapone ,19.5,6.5,3.8
mexiletine,18,6,6.5
mexiletine,19,6.2,7.2
micafungin,18.1,8.6,10.5
miconazole,18.4,7,8
miconazole ,18.2,7,8.5
miconazole ,19,3.5,4
midazolam,18,6,7
mifepristone ,20,3.5,4
mifepristone ,20,3.5,4
migalastat ,17,9,10.5
miglitol ,18.4,8.6,10.2
miglustat ,16.5,9,11
milnacipran ,18,7,7.5
milrinone ,18,6.5,6.5
miltefosine,18.6,5.2,9
mineral oil,17.8,0.5,0.5
minocycline topical,18,6.5,7.5
minocycline ,17.5,9.5,12
minoxidil ,17.5,6,7
mirabegron ,18,7,8
mirtazapine,18.5,5.5,6
misoprostol ,18,5.5,6.5
mitapivat ,18,7,7.5
mitomycin,18,9.5,11.5
mitomycin ophthalmic,18.5,6.5,7
mitoxantrone,18.4,11,12.5
mivacurium ,17.5,8.5,9
mobocertinib ,19,6.5,7
modafinil ,18.5,7,7.5
moexipril,19,7.5,9
molnupiravir ,19,9,19
mometasone / olopatadine nasal,18.2,6.5,7.5
mometasone nasal,18,6,7
mometasone ,19,5,5.5
montelukast,19,5.5,6
morphine ,17.5,7,9
moxifloxacin ,18,7,8
mupirocin ,17.8,8.2,10.5
mycophenolic  acid,18,7.5,8.5
nabilone ,19,4,4.5
nabumetone ,18.5,5,5.5
nadolol ,16,9.5,12
naftifine ,17.6,5.2,6.2
nalbuphine ,17.5,7,8.5
naldemedine ,18,7,8
nalmefene,18.7,7.3,8.6
naloxone,18.8,7.2,8.7
naloxone / pentazocine,18.5,6,7
naltrexone ,18.5,9,9.5
naltrexone ,18.7,7.4,8.8
naphazoline ,17.5,6.5,7.5
naphazoline ophthalmic,18,6.5,7
naproxen ,19,6,6.8
naratriptan,18.6,7.4,8.4
natamycin ophthalmic,17,8,9
nateglinide,18,6.5,7
nebivolol,18,7.5,8
nedocromil ophthalmic ,17,9.5,10
nefazodone ,18,6.5,7
nelarabine ,18.3,9,10.4
nelfinavir ,19,6,7
neomycin topical ,18.5,12.5,15
neomycin ,16,13.5,21
neostigmine,16.5,10,12
nepafenac ,16.5,6,6.5
neratinib ,20,6,7
netarsudil ophthalmic ,18,6,7
nevirapine ,18.5,5.5,6
niacin,18.6,8.6,9.8
nicardipine,19.5,5,6
nicotine ,17,6.5,7.5
nifedipine,20,3.5,4
nifurtimox ,18,6,7
nilotinib ,20,6,7
nilutamide ,18.5,5.5,6
nimodipine,19.5,4,4.5
nintedanib ,19,6.5,7
niraparib ,19,5.5,6
nirmatrelvir / ritonavir ,18,,11
nisoldipine,20,3.5,4
nitazoxanide ,19.4,8.6,9.5
nitisinone ,18,6.5,6.5
nitrofurantoin,17.5,7,8.5
nitroglycerin,18.5,7,8
nitroglycerin ,17.5,4,4.5
nitroprusside ,15,10,12
nizatidine,17,8.5,9.5
norepinephrine ,17,9,11
norethindrone ,19,5,5.5
norgestrel ,19.5,4,5
nortriptyline ,18.1,6.8,7
ocular lubricant ophthalmic,17.5,8,9.5
odevixibat ,18.5,6.5,7.5
ofloxacin ophthalmic ,18,7,8
ofloxacin ,18,7,8
olanzapine / samidorphan ,18.5,6.5,7
olanzapine / samidorphan ,18.5,6.5,7
olanzapine ,18.8,6.6,8.2
olaparib ,19,6,7
olmesartan,18.8,8.2,9.5
olodaterol ,20,5.5,7.5
olopatadine ,18,7,8
omadacycline ,17.5,9,11.5
omaveloxolone ,18.5,6.5,7
omega-3 polyunsaturated fatty acids,17.5,2,3
omega-3 polyunsaturated fatty acids ,17,6.5,8.5
omeprazole ,18.5,6.5,7
omidenepag isopropyl ophthalmic,18,6,6.5
ondansetron,18.8,7.5,8.5
ophthalmic irrigation (intraocular ophthalmic),15.5,15,15
opicapone,18.5,8,9
orlistat ,20,3,3.5
orphenadrine ,18.5,5.5,6
oseltamivir ,17.5,8,8.5
osilodrostat,18.8,5.8,3.5
osimertinib,19,7,7.5
ospemifene ,19,5,5.5
ospemifene ,19,5,5.5
oteseconazole,18.5,5,6
oxaliplatin,18,11,9
oxaprozin ,18.5,5.5,6
oxazepam,17.5,7,10
oxcarbazepine ,18.5,6.5,7
oxiconazole,18.1,6.8,8
oxybutynin ,18,6,11
oxycodone ,18,6,7.5
oxymetazoline ,18,6.5,7
oxymetazoline ,18.3,7.5,7
ozanimod,18.5,6.5,7
ozenoxacin ,18.8,10.2,8.8
paclitaxel ,20.5,4.5,5
palbociclib ,18.5,7.5,8
paliperidone,18.6,7,8.6
palonosetron ,18.6,7.5,8.6
palovarotene ,19,5,5.5
pamabrom,19,4,4.5
pamidronate,16,11,14
pancuronium ,17.5,8,9
pantoprazole ,18.5,6,7
papaverine ,19,4.5,5
paromomycin,16.5,14,22
paroxetine ,18.5,6.5,7
pazopanib ,19,6,6.5
pemetrexed,18.3,10.2,11.8
penciclovir topical,19.2,11,14
penicillamine ,18.1,8.2,9
penicillin g benzathine,17,8,9
penicillin g benzathine / procaine penicillin ,17,8,9
penicillin g potassium ,17,9,10
penicillin g sodium,17,9,10
penicillin v potassium ,17.5,8.5,10
pentamidine ,17,8.5,10
pentetate calcium trisodium ,17.8,10.5,11.8
pentetate zinc trisodium ,17.8,10.5,11.8
pentobarbital,18.5,5,8
pentostatin,17.8,9.8,12.2
pentoxifylline ,18,6,6.5
peramivir ,17,9,10
perampanel,19,6.5,6
perfluorohexyloctane ,16.5,1,1
perflutren ,16.5,1,1.5
perindopril,19.1,6.7,8.4
permethrin ,19,2.5,3
perphenazine,18.4,7,7.9
perphenazine ,18.5,6,6.5
petrolatum topical ,16.5,0.5,1
phenazopyridine ,18,6,6.5
phencyclidine,19,4.5,4.5
phendimetrazine,19.4,5.5,6
phendimetrazine ,18,6.5,6.5
phenelzine,18.2,7.8,9.2
phenelzine ,18,7,7.5
phenobarbital,18,6,10
phenol ,18,5,7
phentermine ,19.4,5,6
phentermine ,18,6.5,6.5
phentolamine ophthalmic,18,6.5,7.5
phenylephrine ,18.7,7,8.6
phenylephrine nasal,17,8,9
phenylephrine ophthalmic ,16.5,8,9
phenylephrine ophthalmic ,17,8,9
phenylephrine topical,19,8.4,9.5
phenytoin ,19,5,5.5
physostigmine ,18.4,7.6,8.2
phytonadione,19.5,5.4,6.8
pilocarpine ophthalmic ,17.5,8.5,9
pimavanserin,18.5,7,8.2
pimozide ,18.7,6.3,7.6
pimozide ,19,5.5,6
pindolol ,17,7.5,8
pioglitazone,19,5.5,6
piperacillin / tazobactam ,17,9,10
pirfenidone ,18.5,6.5,7
piroxicam ,18,5,5.5
pirtobrutinib ,18.5,7,7.5
pitavastatin ,19,5,5.5
pitolisant ,18,6.5,7
pivmecillinam ,17,9,10
plazomicin,16.5,13.6,21.2
plerixafor ,16.5,10,11.5
podofilox ,18,7.2,8.5
polidocanol ,17.5,3.5,4
polyethylene glycol 3350,16,10,11
polymyxin b,18,8,9
pomalidomide ,18,7.5,8.5
ponatinib ,19.5,6,6.5
porfimer,19,5,6
posaconazole ,18.4,7.2,8.3
potassium aminobenzoate ,17,7.5,8.5
potassium citrate ,15.5,10,12
povidone / tetrahydrozoline ophthalmic,17.5,8,9
povidone iodine ophthalmic,17,9,10
pralatrexate ,18.2,9.8,11.6
pralidoxime,18.5,8.4,9.5
pramipexole,18.4,8,9.2
pramlintide,17,12,18
pramoxine ,18,5.5,6.5
pramoxine/zinc oxide topical,18.3,6,7.5
prasugrel ,18.5,6,6.5
pravastatin ,17,9,10
praziquantel,18.8,6.8,7.5
prazosin ,19,7.5,9
prednisolone ophthalmic,18,6,7
prednisolone ,17.5,7,7.5
prednisone,17.5,7,7.5
pregabalin,16.5,9.5,11.5
pretomanid ,18.5,6,6.5
primaquine,18.8,7,7.8
primidone,18,6,9
probenecid ,19,7.6,8.2
procainamide,17.5,7.5,8
prochlorperazine,18.5,6,6.5
progesterone ,19.5,4,4.5
promethazine ,18.5,5.5,6
propafenone,18.5,6,6.5
propantheline ,18.2,6.2,7.3
proparacaine ,18.2,6,7.5
propofol,20.5,3,3.5
propranolol ,18,7.5,8
propranolol ,19,5,6
propylhexedrine nasal ,17,5,5
propylthiouracil ,18.2,8,9
prucalopride,17.5,7,7.5
pseudoephedrine / triprolidine ,18,6.5,7
pyrantel ,19,6,6.5
pyrazinamide,18.4,8.6,9.6
pyridostigmine ,16.5,10,12
pyrimethamine,18.6,8,9.2
quazepam,19,4,4
quetiapine,19,6.4,8
quinapril,19.2,7.2,9.8
quinidine,18.5,6,6.5
quinine,19,6.6,7.8
rabeprazole ,18.5,6,7
racepinephrine ,16.8,10.5,18
raloxifene,18.5,7,8
raltegravir,17.5,8,9
ramipril,19,7.4,9.6
ranolazine,18.8,7.2,8.6
rasagiline ,17.5,6,6.5
regadenoson,17,9,10
regorafenib ,19,6,6.5
relugolix,17.5,7.5,8
remdesivir ,18.5,7.5,8.5
remimazolam,17.5,8,9
repaglinide,18.5,6.5,7
resmetirom ,18.5,6,6.5
retapamulin ,17.2,6.5,8.5
revefenacin,18.5,6.9,8
rezafungin ,18.2,8.5,10.2
ribavirin,16,10,11
ribociclib,18.5,7,7.5
riboflavin ophthalmic,16.5,9,10.5
rifabutin,19,5.5,6.5
rifampin,19,5.5,6
rifapentine ,19,5,6
rifaximin ,19,4,5
rilpivirine ,18,6,6.5
riluzole ,17.5,7,7.5
rimantadine,18.2,2.8,5.8
rimegepant,18,8,9
riociguat ,18,7,8
risdiplam ,18.5,7.5,8
risedronate,16,11,14
risperidone,18.7,6.9,8.5
ritonavir ,19,6,7
rivaroxaban,18.9,6.5,8.1
rivastigmine,17,8.5,9.5
rizatriptan,18.6,8,9
rocuronium ,17.5,8.5,9
roflumilast ,18.5,6,6.5
rolapitant ,18.5,6,6.5
romidepsin ,18.5,6.5,7.5
ropinirole,17.5,7,7.5
ropivacaine,19,5.5,6
rosiglitazone,19,5.5,6
rosuvastatin ,18.5,7.5,8
rotigotine ,18.5,6,7
rucaparib ,18.5,7,8
rufinamide,18,6.5,7
ruxolitinib,18.5,6.5,7
sacubitril / valsartan,18.9,8.5,10
s-adenosylmethionine,16.5,9,10
safinamide,18.4,7.2,8
salicylic acid ,18,7.5,13.5
salmeterol ,20.4,5.6,7.8
salsalate,18.5,5.5,6
sapropterin ,16.5,8.5,10
sarecycline ,17.5,9,11.5
saxagliptin ,17.5,8,9
scopolamine,18.5,6,7.5
sebetralstat ,18.5,7,7.5
secnidazole ,18,6.5,7.5
seladelpar ,18.5,6.5,7
selegiline ,18.9,6.2,7
selexipag,19,5.8,8.5
senna,17,8.5,11
sepiapterin ,16.5,9,11
sertaconazole ,18.2,6.8,8.5
sertraline,18.7,6.2,6.8
sevoflurane,19,2.5,3
sildenafil,19.6,7.4,8.2
silodosin,18.8,7.5,9.8
silver sulfadiazine ,19,9,10.5
simethicone ,18,1.5,4
simvastatin ,19.5,4,4.5
sinecatechins topical,18.5,9,12
siponimod ,18.5,6.5,7
sirolimus ,20,5,5.5
sitagliptin,17.5,8.5,9.5
sodium acetate,15,9,11
sodium bicarbonate ,14,12,13
sodium chondroitin sulfate/sodium hyaluronate ophthalmic,16.5,11,13
sodium citrate,15,10,12
sodium hyaluronate ophthalmic,16.5,11,13
sodium lactate ,15,10,12
sodium phenylbutyrate ,17,7.5,8.5
sofosbuvir ,18,9.5,11
solifenacin ,18,7,8
solriamfetol ,17.5,8,9
sonidegib,20,4.5,5
sorafenib ,19,5.5,6
sorbitol ,16,9.5,13.5
sotagliflozin,18,7.5,8.5
sotalol,16.5,9.5,11
sparsentan,19,6.5,7.5
spironolactone,19,5.5,6.5
stiripentol,19,5.5,6
streptomycin,16.2,13,20.8
streptozocin,17,10.8,14
succimer ,17,8.5,9.5
succinylcholine,16.5,9,10.5
sulconazole ,18.2,6.8,8.2
sulfacetamide sodium ophthalmic ,17,8.5,9
sulfacetamide sodium/sulfur,18.2,11,13.5
sulfadiazine ,17,8,9
sulfamethoxazole / trimethoprim ,17.5,7.5,8.5
sulfasalazine,18.5,7.8,8.8
sumatriptan ,18.4,8.6,9.8
sunitinib ,18.5,6.5,9
tacrolimus,20,5,6
tadalafil ,20,6.5,7
tafamidis ,18.3,7.5,9.5
tafenoquine ,19,6.6,7.8
tafluprost ophthalmic,18,6,6.5
talazoparib,18.5,7.5,8
tamoxifen ,19,5,5.5
tamsulosin,18.8,6.8,9
tapentadol ,18,6.5,8
taurine ,15.5,11,13
tavaborole ,18.3,7.8,8.2
tazarotene ,17.5,5.5,6.5
tazemetostat ,18.5,7,7.5
tecovirimat ,19,4,4
tedizolid ,18,7.5,8
telmisartan ,19.2,7,8
telotristat ,18.5,6.5,7.5
temazepam ,18,6,9
temozolomide ,19.4,10,8.5
temsirolimus ,19.5,5.5,6
tenapanor ,17.5,8.5,9
tenofovir disoproxil,17.5,8.5,9
tenofovir alafenamide,17.5,8.5,9
terazosin ,19.2,6.4,8
terbinafine ,18.4,6.2,6.8
terbutaline,17.8,6,10.5
terconazole ,18,7,8
terlipressin ,18.2,9.8,12
testosterone,18.8,5.2,7
tetrabenazine ,18,6.5,7
tetracaine,18,5.5,6.5
tetracycline ,17.5,9.5,12
tetrahydrozoline ,17,8,8.5
thalidomide,18.5,7,8
thioguanine ,18.4,8.8,9.8
thioridazine ,19,5,5.5
thiotepa ,18,8,7
thiothixene ,18.5,6,6.5
tiagabine ,18.5,6.5,7.5
ticagrelor ,19,6,6.5
ticlopidine ,18.5,6,6.5
timolol ,18,8,8
tinidazole,19,7.2,8
tioconazole ,18,7,8
tiopronin ,17,8,9
tiotropium,18.2,6.9,8
tipiracil ,18.4,8.6,9.8
tipranavir ,20,5,6
tirbanibulin ,18,7.5,8.5
tivozanib ,19,6,6.5
tizanidine ,17.5,7,7.5
tobramycin,15,11,14
tobramycin,16.4,13.4,21
tobramycin ophthalmic,17,8.5,9
tofacitinib,18.4,7.6,8.4
tolcapone ,18.5,7.5,8.5
tolmetin ,18,6,6.5
tolnaftate,18,5.2,6
tolterodine ,18,6.5,7.5
tolvaptan ,15,10,12
topiramate ,16.5,10,12
toremifene,19,5,5.5
torsemide,18,8.5,9.5
trabectedin ,19,9,10.5
tramadol systemic,18,6.5,8
trandolapril,19,7,9
tranexamic acid,16.5,9,10.5
tranylcypromine ,18.5,6.5,7
travoprost ophthalmic ,18,6,6.5
trazodone ,18,6.5,7
treosulfan,17,9.2,10.5
treprostinil ,13,7.8,18.2
tretinoin,19.5,3.5,4
triamcinolone,18,6.5,7
triamcinolone nasal ,18,6,7.5
triamcinolone ophthalmic,18,6,7
triamterene,17.5,7,8
triazolam,18,5,6
triclabendazole,19,7.4,8.6
trientine ,16.5,9,10.5
trifluoperazine ,18.5,6,6.5
trifluridine ophthalmic,17.5,8,9.5
triheptanoin ,17.5,2,3
trihexyphenidyl,18.7,5.5,6.2
trilaciclib ,18.5,7,7.5
trimethobenzamide,18.4,6.8,7.8
trimethoprim ,17.5,7.5,8
trimipramine ,18,6.5,7.5
tromethamine,16,10.5,11.5
tropicamide ophthalmic ,18,6,6.5
trospium / xanomeline ,18,6.5,7
trospium ,16.5,9,11
trypan blue ophthalmic,17,9,10
tryptophan,17,8,10
tucatinib ,19,6.5,7
tyrosine ,16.5,9,11.5
ubiquinone ,18.5,4,4.5
ubrogepant,18.5,8,8.5
ulipristal ,18.5,5.5,6
umeclidinium ,18.3,6.8,7.8
undecylenic acid ,17.1,4,7
upadacitinib,18.6,7.2,8.4
urea ,18,10,14
uridine,19,9.6,11.5
uridine ,15.5,9.5,12
ursodiol ,20,3.5,5
vadadustat,18,7,7.5
valacyclovir ,17,8.5,9
valbenazine ,18.5,6.5,7
valganciclovir ,16.5,9.5,10.5
valproic acid ,16.5,5.5,6
valrubicin,18.6,10,12
valsartan ,18.8,8,9.2
vamorolone ,18,6.5,7
vandetanib,19.5,6,6.5
vandetanib ,19,6,6.5
vardenafil ,18.5,6,6.5
varenicline,16.5,9.5,11
vasopressin ,18,10.5,13.2
vecuronium ,17.5,8,9
venetoclax ,19.5,6,
venlafaxine,18.4,6.9,8.2
venlafaxine ,18,7,7.5
verapamil ,18.5,6.8,7.5
verapamil ,19,6,7
vericiguat ,18,7,8
vibegron ,18,7,8
vigabatrin ,16,9.5,11
vilazodone ,16.5,7,7.5
viloxazine ,19,5.5,7.2
vinblastine ,19,5.5,6
vinorelbine ,19,5.5,6
vismodegib ,20,4.5,5.5
vitamin e,18.5,3.5,4
voclosporin ,20.5,4.5,5.5
vonoprazan,17.5,8,9
vorapaxar ,19,5.5,6
voriconazole ,18.5,7.8,9
vorinostat ,18,7.5,8
vortioxetine ,18.5,7,7.5
voxelotor,18.5,7,7.5
warfarin,19.4,6,7.5
yohimbine,17.5,8,9
zafirlukast,19,6,6.5
zanamivir,16.5,9.5,11
zanubrutinib,19,6,6.5
zavegepant ,18,8,9
zidovudine ,17,8.5,9
zileuton,18.5,6,7
ziprasidone,18.9,6.8,8.2
zoledronic acid ,16,12,15
zolmitriptan ,18.7,7.8,8.8
zongertinib,19,6.5,7
zonisamide,17.5,8,9
zuranolone ,18.5,6,6.5